Sadness Lexicons,Sadness Sentences,Joy Lexicons,Joy Sentences,Fear Lexicons,Fear Sentences,Anger Lexicons,Anger Sentences,Surprise Lexicons,Surprise Sentence,Disgust Lexicons,Disgust Sentences,Sadness + Joy Lexicons,Sadness + Joy Sentences,Fear + Anger Lexicons,Fear + Anger Sentences,Surprise + Disgust Lexicons,Surprise + Disgust Sentences,Sadness + Joy + Fear Lexicons,Sadness + Joy + Fear Sentences
"abduction, devastate","The devastating news of the child's abduction left a
 solemn shadow over the family for the next month.","child, laughter, sunny","It was a sunny summer morning and the laughter of
 children could be heard from the pool as they splashed water onto each other.",shiver,"As he walked in the dead of night he could hear sudden
 footsteps echoing from the alleyway, a shiver went down his spine.",reckless,"While driving his family to a restaurant a car recklessly
 changed lanes barely missing him, his face flushed red with fury knowing how
 close his family was to being seriously harmed.","startle, unexpected","She was startled unexpectedly as everyone sprang from
 their hiding spot to celebrate her birthday",trash,"She had forgotten to take out the trash before leaving for
 holiday, when she returned she was repulsed by the stench of decaying food.","melancholy, pleasant","When I visited my old childhood home, I felt a wave of
 bittersweet nostalgia as I remembered the pleasant memories in that house,
 while also feeling melancholy as I’d never get to experience those moments
 again.","fearful, harm, provoking, rage","Tom was fearful of his bully and remained docile while
 being picked on to avoid provoking the bully into a fit of rage where Tom may be
 harmed.","revolting, shock","He opened the package of his food delivery and was
shocked to see a dead insect laying on top his food, the idea of accidentally
eating it revolted him.","anxious, proud, sorrowful","The parents watched their son leave for college and
 were proud of his accomplishment, at the sametime they were sorrowful that he
 would no longer live with them and anxious that he would be alone to face his
 challenges."
"wretched, wrongly",The wretched people have chosen wrongly.,"youth, zeal",The youth are filled with zeal.,"abandoned, yell, youth",The abandoned youth could be heard yelling.,"abolish, wrongful",We must abolish it for its wrongful acts.,yelp,"He let out a yelp when his friend jumped out from the
corner.",abhorrent,The mysterious slime emitted an abhorrent smell.,"abysmal, advance","They have advanced to the next round, despite their
abysmal start.","animosity, agitation"," His animosity was made worse by the repeated
agitation.","bewildered, appalling",She was bewildered by their appalling behavior.,"apologize, admirable, aggression, afraid","After seeing the group’s admirable performance, the leader apologized for his earlier aggression. He admitted that he was only afraid of losing."
"Stifle, Mausoleum","She was not fond of graveyards, let alone the
mausoleum. A sudden noise startled her, and she stifled a gasp.","Fidelity, Praiseworthy","Ms. Smith taught the lesson to fidelity. The observers
agreed her methods and style were praiseworthy.","
Abyss, Cripple","Leaning over the edge, I peered into the abyss. A fall
from this height would surely cripple me.","Mock, Violence","Your actions make a mockery of ethics! I must practice
restraint, lest I resort to violence.","Jolt, Shatter","The sound of my alarms jolts me awake. It shatters the
silence of my empty bedroom.","Unnatural, Plague, Grotesque","His illness left his skin unnatural, like plastic. He is not the
only one suffering from this grotesque plague.","Winning, Closure","Despite finally winning, I feel robbed of closure.","Abomination, Monstrosity, Affront","What you have created is an abomination, a bonafide
monstrosity, and affront to all things holy!","Rave, Betray, Dreadfully","Enough of your dreadful raving... Did you forget that
you were the one who betrayed me?
","Endless, Destination, Retirement, Weight","So begins an endless journey with no destination. The
weight of retirement is too heavy these days."
"abandon,abandoned,abandonment,abduction,abortion,abortive,abscess,absence,absent,absentee,abuse,abysmal,abyss,accident,accursed,ache,aching,adder,adrift,adultery,adverse,adversity,afflict,affliction,affront,aftermath,aggravating,agony,ail,ailing,alcoholism,alienated,alienation,anathema,anchorage,anguish,animosity,annihilated,annihilation,annulment,anthrax,antisocial,anxiety,apathetic,apathy,apologize,appendicitis,arid,arraignment,arsenic,
","I’m feeling very anxious about going back to work next week. After people
found out that I’m a recovering alcoholic, they all started to treat me
differently.","absolution, abundance,abundant,accolade,accompaniment,accomplish,accomplished,achieve,achievement,acrobat,admirable,admiration,adorable,adoration,adore,advance,advent,advocacy,aesthetics,affection,affluence,alive,allure,aloha,amazingly,ambition,amen,amicable,amnesty,amour,amuse,amused,amusement,amusing,angel,angelic,animated,applause,appreciation,approve,ardent,art,aspiration,aspire,aspiring,astonishment,atone,auspicious,authentic,award,","The women’s soccer team was proud that they achieved their goal of
placing 1st in their league.
There’s an adorable puppy at the library.","abandon,abandoned,abandonment,abduction,abhor,abhorrent,abominable,abomination,abortion,absence,abuse,abyss,accident,accidental,accursed,accused,accuser,accusing,acrobat,adder,adjudicate,admonition,adrift,advance,adverse,adversity,afflict,affliction,affront,afraid,aftermath,aga,aggression,aggressive,aggressor,aghast,agonizing,agony,ailing,alarm,alarming,alcoholism,alertness,alerts,alien,alienation,ambulance,ambush,anaconda,anarchism,","I’m afraid we might get trapped in the cave since the water levels are
rising at an alarming rate.","abandoned,abandonment,abhor,abhorrent,abolish,abomination,abuse,accursed,accusation,accused,accuser,accusing,actionable,adder,adversary,adverse,adversity,advocacy,affront,aftermath,aggravated,aggravating,aggravation,aggression,aggressive,aggressor,agitated,agitation,agony,alcoholism,alienate,alienation,allegation,altercation,ambush,anarchism,anarchist,anarchy,anathema,anger,angry,anguish,animosity,animus,annihilate,annihilated,annihilation,annoy,annoyance,annoying,","After getting yelled at for 30 minutes, Sam became agitated and decided
to quit because he couldn’t handle one more second in that aggressive
work environment.","underestimate,undiscovered,unexpected,unexpectedly,unforeseen,unfulfilled,unguarded,unimaginable,unintended,unintentional,unintentionally,unique,unprecedented,unpredictable,unstable,unsuspecting,urgency,urgent,vanish,vanished,variable,veer,veracity,victimized,violation,violent,visor,volatility,volcano,vote,warn,warned,weight,whim,wild,wildfire,winner,winning,wireless,wizard,wonderful,wonderfully,worm,wreck,yell,yelp,young,youth,zany,zeal,",I underestimated how urgent the call was.,"aberration,abhor,abhorrent,abject,abnormal,abominable,abomination,abortion,abundance,abuse,accusation,actionable,adder,adultery,adverse,affliction,affront,aftermath,aggravation,aghast,airs,alcoholism,alien,alienate,alienation,wasted,wasteful,wasting,weight,weird,wench,whine,whore,wickedness,wimp,wimpy,wince,winning,witch,withered,woe,woefully,worsening,worthless,wrangling,wreck,wretch,wretched,wrongdoing,wrongful,","I can’t believe how wasteful the food industry can be.
How can people be okay with this wretched behavior?
Johnny B. became a wreck the aliens abducted him.","true,twinkle,unbeaten,unconstrained,undying,unexpected,unification,unsurpassed,untie,uplift,utopian,vacation,venerable,veracity,vernal,victor,victorious,victory,vindication,virtuous,visionary,visitor,vitality,vivacious,vivid,volunteer,voluptuous,vote,vow,wages,wealth,weight,welcomed,whim,whimsical,white,whiteness,winner,winning,winnings,witty,wonderful,wonderfully,worship,yearning,young,youth,zeal,zealous,zest,abandon,abandoned,abandonment,abduction,abortion,abortive,abscess,absence,absent,absentee,abuse,abysmal,abyss,accident,accursed,ache,aching,adder,adrift,adultery,adverse,adversity,afflict,affliction,affront,aftermath,aggravating,agony,ail,ailing,alcoholism,alienated,alienation,anathema,anchorage,anguish,animosity,annihilated,annihilation,annulment,anthrax,antisocial,anxiety,apathetic,apathy,apologize,appendicitis,arid,arraignment,arsenic,","Although my heart aches because I will never be able to accomplish my
dream of climbing Mt. Everest, I’m grateful for the accomplishments that I
have made so far.","vermin,versus,veto,vicious,victim,victimized,villainous,vindicate,vindictive,violation,violence,violent,violently,virulence,volatility,vote,vulgarity,waffle,warden,warfare,warlike,warp,warrior,wasted,wasteful,wench,whip,willful,wimpy,wince,wireless,witch,witchcraft,wop,words,worthless,wound,wrangling,wrath,wreak,wreck,wrecked,wretch,wring,wrongdoing,wrongful,wrongly,yell,yelp,youth,volunteer,vulnerability,vulture,wail,wan,war,warden,ware,warfare,warlike,warlock,warn,warned,warning,warrior,wary,wasting,watch,waver,weakly,weight,weighty,weirdo,whimper,whirlpool,whirlwind,wicked,wilderness,wildfire,wimp,wimpy,wince,witch,witchcraft,withstand,woe,worry,worrying,worse,worship,wound,wrangling,wrath,wreck,wrecked,wrongly,xenophobia,yell,yelp,youth,","I hate Tony for wrongfully accusing me of stealing, but I’m afraid that if I
confront him he’ll get aggressive.","underestimate,undiscovered,unexpected,unexpectedly,unforeseen,unfulfilled,unguarded,unimaginable,unintended,unintentional,unintentionally,unique,alienate,alienation,wasted,wasteful,wasting,weight,weird,wench,whine,whore,aberration,abhor,abhorrent,abject,abnormal,abominable,abomination,abortion,abundance,abuse,","When we looked under the couch we found the unimaginable, an
abundance of weird cockroaches.","wail,wallow,wan,wane,wanting,warfare,warp,wasteful,wasting,weakly,wearily,weariness,weary,weeds,weep,weeping,weight,whimper,whine,widow,widower,wilderness,wildfire,willful,wimpy,wince,winning,witchcraft,withdraw,wither,woe,woeful,woefully,worn,worried,worry,worrying,worse,worsening,worthless,wound,wrangling,wreck,wrecked,wretch,wretched,wrinkled,wrongdoing,wrongful,wrongly,true,twinkle,unbeaten,unconstrained,undying,unexpected,unification,unsurpassed,untie,uplift,utopian,vacation,venerable,veracity,vernal,victor,victorious,victory,vindication,virtuous,visionary,visitor,vitality,vivacious,vivid,volunteer,voluptuous,vote,vow,wages,wealth,weight,welcomed,whim,whimsical,white,whiteness,winner,winning,winnings,witty,wonderful,wonderfully,worship,yearning,young,youth,zeal,zealous,zest,volunteer,vulnerability,vulture,wail,wan,war,warden,ware,warfare,warlike,warlock,warn,warned,warning,warrior,wary,wasting,watch,waver,weakly,weight,weighty,weirdo,whimper,whirlpool,whirlwind,wicked,wilderness,wildfire,wimp,wimpy,wince,witch,witchcraft,withstand,woe,worry,worrying,worse,worship,wound,wrangling,wrath,wreck,wrecked,wrongly,xenophobia,yell,yelp,youth,","She starts to weep because she knows that I might not survive this but I
see the twinkle in her eye when she smiles at me as she remembers all of
the memories we have made together before the ambulance doors close."
lonely,"Sometimes I feel like something is wrong with me
because I feel lonely even though I am surrounded by people.","engaged, rekindle","It's crazy to see that Jane and Mike were able to rekindle
their friendship and now they’re engaged.","onfined, tumor, scare","Ever since the doctors found a tumor in Jessie’s brain,
she’s been confined to her room and I’m scared she’s not doing well mentally.","grudge, incompetent","I cannot believe that you’re still holding a grudge against
me for the argument when you were the one that was incompetent enough to let
the dog outside without a collar.","celebrity, aspiration","It’s always been an aspiration of mine to be a celebrity
and I just got a call that I’ve been casted in a movie!",nasty,"I think it’s so nasty that he’s a grown man and still stands
by the ten second rule.","tough, closure, glad","It must have been tough to find out all the details of her
brother’s murder, but I’m glad she got closure about why her brother was
missing.","insane, inhumane","It’s insane how Daniel was able to act normal even
though we learned how he inhumanely killed all those cats.","catastrophe, lawsuit, distress, wretched","It’s concerning how Pearson isn’t in much distress
considering the amount of catastrophe that unfolded after he got that wretched
lawsuit.","abandoned, youth, brutal, abuse","It really makes you wonder what people are capable of
seeing these brutally abused pets that have been abandoned on the streets, but
at least the youth are planning an event to find them new homes."
"wrongful, abandoned","The abandoned child looked up with sad eyes, and I felt
helpless.","favoriable, feeling","The clerk asked the child for a small favor of having him
promote the store with flyers.","foreigner, coldness","The unnerving noises and echoes coming from the area
made me feel foreign and scared.","outburst, payback","The child’s outburst left everyone shocked and scared, as
he was boiling with anger.","Unexpected, wild","My heart beat with joy when I unexpectedly ran into a
friend who I haven’t seen in a long time.","smell, squirm","The awful smell coming from the animal made my
stomach turn.","holocaust, hope","The survivors of the holocaust carry with them the
determination to restore hope.","busted, cursed","When the officer pulled him over, he knew he was
busted and cursed for getting himself into trouble.","appalling, ashamed","I felt appalled and ashamed when there were negative
controversies surrounding me.","regret, uplift, panic","I regret not taking the job opportunity, as I panicked at
the last minute, but I felt a sense of uplift as I knew the company was not a good
fit."
agony,"The death of her dog left her in deep agony that seemed
to never end.",happy,"After months of hard work, the team was happy to finally
achieve their goal of winning the state basketball championship.",afraid,"He was afraid of heights and refused to get on the roller
coaster at the theme park.
",angry,"She was so angry when she found out that the festival
had been canceled.",amaze,"The unexpected twist at the end of the movie amazed me
and left me in awe.",unpleasant,"The smell of rotten food was so unpleasant that it made
me feel nauseous.","ashamed, amused","Although he was deeply ashamed of his past mistakes,
he couldn't help but be amused by how far he had come.","fearful, furious","Watching the opponent score the tying point made me
feel both furious at myself for not trying harder, and fearful of losing my chance at
winning the league title.","alarming, atrocious, awful","The awful smell from the dumpster was alarming
because it made everyone aware of the atrocious conditions in the factory.","cry, enjoy, delightful, panic","The delightful secluded garden made her cry tears of
sadness. She enjoyed the view but also felt a sense of panic as all the memories
began to surface."
"Blunder, crushed, tragedy","As my hand left the piece I felt crushed by the tragedy of
my blunder.","Delighted, serenity, unconstrained","I delighted in the unconstrained serenity of the scene in
front of me, not an atom out of place.","aghast, disappears, prison, towering","All hope disappears as they look aghast at the prison
towering above them.","malice, rampage, crazed,","You can see the crazed malice in their eyes as they
continue their rampage.","raffle, gamblers, jackpot","I couldn't believe the raffle jackpot was awarded to a
group of gamblers in a small town in Ohio.","sick, hog's, phlegm",The sick hog's snout drips with phlegm.,"retirement, hymn, heartfelt","We sang one last hymn before our beloved director
entered retirement.","assassin, traitor, terrorize","You can't allow an assassin and a traitor to terrorize
everyone in their path.",,,,
"Lonely, longing","Having recently moved into the neighborhood, the boy is feeling lonely and longing for a
friend to keep him company.","Heartily, complement","She laughed heartily after someone had told her how well the vibrant colors on her dress
complemented her eye color.","Thumping, attacking, gory, creature","My heart was thumping heavily as I was attacking the slimy, gory creature that appeared
out of nowhere.","Disapprove, unpaid","The teachers disapprove of the fact that they are unpaid for their tutoring sessions held
after school hours.","Spectacular, vanished","In a matter of minutes, the spectacular rainbow that arched over Niagara Falls vanished,
leaving onlookers speechless in its wake.","Nauseous, sickly, butcher, pig",The girl felt nauseous and sickly while watching the butcher chop up the roasted pig.,"Art, heartfelt","It's cruel that some individuals are unable to showcase their beautiful artwork in a
gallery, despite putting in so much time and pouring their heartfelt emotions into it.","Accused, robbery, criminal","The man was falsely accused of robbery because the criminal shared the same make
and model of car.","Scorpion, slaughter","
As she looked down, the girl flinched at the sight of the red scorpion below her as it
slaughtered its prey.","Opera, destination","As the pianist played a soulful ballad on the public piano accompanied by an opera
singer, the bustling crowd stopped to watch, causing further delay for those rushing to their
destination."
"Robbery, Dying, Hospital, Crippled, Horror
","As my grandfather laid on the hospital bed dying, recounting the robbery that
crippled him, I listened in horror for the duration of my visit.","Amusing, Charity, Heartily, Abundance, Aspire, Love, Generous","I love the amusing moments on social media where people heartily donate to
charity. Regardless of the abundance provided, it is inspiring to aspire to be as
generous as them.","Hysteria, Lifeless, Kill, Thrill, Homeless, Overpowering, Deadly, Accident","I had a deadly encounter with an overpowering homeless person on campus. I
had been strangled, where, in the thrill of the moment, I kill him on accident. I
know I should have shown restraint, otherwise I would not see his lifeless body
leading to my hysteria.","Disobedience, Murder, Hit, Violently, Insane, Youth, Slavery, Discontent, Stolen","Nothing fills up my discontent more than slavery. Many of these people are
kidnapped and stolen of their youth. There are insane people who violently hit
them, sometimes even murder due to disobedience.","Unimaginable, Erratic, Youth, Scream, Slip, Murderous, Trip, Stealthily,
Playground","I was in the playground where my brother stealthily made me trip. I had
murderous intent to get back at him, so I slip sand down his pants causing him to
scream. This was in our youth and my erratic behavior was unimaginable.","Slaughter, Depressing, Filth, Soiled, Intense, Pig","I saw a pig under the intense sunlight all soiled in filth. It is depressing that this is
what happens before they are slaughtered.","Retirement, Peace, Flirt, Death, Savor","I find that my retirement is nearing. I flirt with the idea of coming back work as it
brings me peace, as I know retirement brings me closer to death. I, however, now
get to savor all this free time I wished for. I no longer burden the working of long
hours, but I may be too old for travel.","uneasy, policeman, prison, quiver, suffocating, upset, brunt, accused, murderer","I’m labeled as a murderer now and in prison. I was wrongfully accused. I quiver
under the suffocating thought of the policeman arresting me. The meals I eat
here are the brunt of pig fodder making me very upset and uneasy.","Scream, Emergency, Yelp, Suddenly, Dreadfully, Manslaughter, Snake, Mucus, Questionable","I suddenly yelp as there is an emergency. I have been drenched with a
questionable mucus by a snake. I dreadfully scream as if I have just seen
manslaughter.","Longing, Distress, Childhood, Jovial, Honest, Demise, Unsafe, Escaped","He was honest with me, there is no better place he could be now. He has
escaped his distress. No more will he suffer anymore; however, it is genetic. I am
unsafe, there is no way around it. My grandfather was jovial and completed my childhood. Now, I am longing for my possible inevitable demise."
"Sufferer, homesick, remorse, lowest, devastating, demise
","He is suffering with remorse because he is homesick, reaching the lowest point in
his life.
The realization that his demise was imminent devastated him.","Merry, chuckle, perfection, festive, succeed","They chuckled together as they enjoyed the festivities.
She was merry as she succeeded in achieving her goal of becoming a software
engineer
His mom chuckled as the perfected dinner succeeded in bringing her family back
Together.
With a sense of perfection, he prepared a festive dinner that succeeded in
bringing his family back together, making his mom chuckle with joy.","Anxiety, scare, invade, hostilities, squeamish","As he trembled in fear of his enemy, anxiety slowly crept over him.
Their actions frightened the children, leaving them feeling squeamish and
uneasy.
The marching steps of the hostiles invading left everyone frozen in fear.","Raging, betray, violent, malevolent, uprising","Betrayed and filled with rage, she initiated an uprising to seek revenge.
The violent bug’s anger boiled over, becoming malevolent and vengeful.","Overestimate, lucky, sorcery, amaze","My expectation of the dog’s jumping powers were far beyond what it could
achieve, as I had overestimated its ability to leap.
Wow! I can hardly believe it, I am so lucky to be admitted to graduate school.
She could hardly imagine the power of his sorcery, so it left her amazed.","Sty, unsatisfied, animosity","The odor from the sty in the room, made my stomach churn as it was unbearable
to be in there for any longer.
His animosity towards the group left everyone unsatisfied because their
questions were unanswered.","Lonely, glad","He was lonely, but was glad because it was the first time he felt at peace with
himself.
Although she was lonely, she learned more about herself, which made her glad to
be alone.","Cautious, wreak","The citizens were cautious as they knew the army would wreak havoc on them if
they made a sound.
She was filled with fear and anger as she viewed the damage on her home from
the water leak, vowing to be more cautious in the future so it does not happen
again.","Gasp, explosion, cringe, sickening","I was taken aback with a feeling of both gasping shock and disgust when I
learned the explosion could have been avoided.
I cringed and gasped as I watched the sickening movie kill off the protagonist.","Deserted, wealth, hiss","The avatar hissed as the wealthy king deserted his people.
The deserted castle was once home to wealthy merchants, but now only hisses
in the wind."
"Agony, savage, betrayed, stripped","I sat on the grass in agony, longing for someone because the savage world betrayed me by
stripping me of my mother.",enthusiastic,"Last weekend, I found out that I’m such a city person because when I was at the nightclub, I
was dancing so enthusiastically that my feet were never on the floor for more than a second.",anxious,"Sitting in the dark in my living room, I anxiously check my phone every minute, wondering why
my teenage daughter isn’t home at midnight.",Vehement,"I have never heard so many curse words until the day my dad vehemently berated Troy for
impregnating his girlfriend at 16 years old.",,,mouth,"Surrounded by my family and friends, I opened my Harvard admissions letter, and our mouths
plopped open when I read that I was accepted into Harvard Law.","Cry, smile","I can’t help but cry when I think about my best friend’s death, but I also can’t help but smile
when I think about the memories I made with him.","Hate, scared","I really hate that Elon Musk announced layoffs today with no regard for our wellbeings, but I’m
scared to express my opinions because I might get targeted during the layoffs.","Aghast(surprise), homeless(disgust), hairy(disgust)","This morning, I was so aghast when I saw a homeless man’s hairy body while he was
shamelessly pooping in a Janitor’s mopping bucket in a NYC subway station.","Conceal (sadness), tears(sadness) excited (joy), abandoned(fear)","I was so excited to see my wife pursue her dream job in a different country but secretly I was
concealing my tears because I felt abandoned to take care of our son."
ache,"She could feel her heart start to ache knowing the little
time they had to spend together was coming to an end.","laugh, excitement, jump","Setting sail on the final island in their journey filled the
crew with excitement. Some jumped with joy, others sighed a breath of relief, but
he simply laughed at the sight presented before them.",suppress,"Knowing he was powerless against the tyrant regime’s
army, all he could do was suppress his fear as they plundered all of his
belongings.",snarl,"The tiger snarled as the hunter sneaked closer, warning
him to keep his distance.",shock,"He felt that he would surely win the duel as he confidently
took 10 paces forward. He suddenly turns and quickly takes his shot. He pauses
for a second, shocked as he sees his foe standing unharmed, before falling to the
ground himself.","deform","As the rescue team rushes to aid the infected, they can’t
help but look with disgust at their deformed limbs.","cry, fulfill, excite","An enormous sense of fulfillment rushed over the team
as they scored the winning point. But as their excitement came to an end, they
couldn’t help but cry knowing that this would be the last time they would play
together.","dictator, rebel, oppressive, rebel, oppressive","Twelve years of an oppressive dictatorship is all the
country’s people had any memory of. Unable to endure the pain any longer, a
resistance was formed in secret. Having gathered a large enough following,
today marked the beginning of their rebellion.","paralyzed, monstrosity","As the adventurers reached the end of the dungeon,
they noticed that the treasure was guarded by an ominous ooze. When they
approached it, they were paralyzed in fear as the ooze took on the form of their
closest loved ones.","wonderful, dismay, dismay, afraid","“Here, the last of the $10,000. You’re keeping your word
right? Leave this town now and release my family.” She was relieved at the
thought of finally bringing peace to this town. “Oh, how wonderful! But did you
really think I was done? Thanks for bringing me the money, but I no longer have
a need for you. Leave.” She dropped to her knees, laying in dismay. The
strong-willed girl she had built herself to become had suddenly disappeared and
she was once again afraid of the man standing in front of her."
abysmal,"The dog sat inside of his abysmal house, longing to be outside.",hero,"In the movie, the boy’s hero defeated the villain making the boy leap in the air.",carcinoma,"The doctor came into the room and began describing the deadly carcinoma seen
on the scan to the patient’s family.",rebellion,"The girl stomped to her room after her parents sent her upstairs because of her
act of rebellion.",confession,"The jury could not believe the witness’s confession as the lawyer broke him
down.",bacteria,"The family looked away in horror, as the bacteria continued to grow.","antisocial, sadness, hopeful, joy
","Despite being antisocial throughout the years, I am hopeful that I will make new
friends in college.","dishonor, fear, renounce, anger","He did not want to dishonor his family, but he renounced the family business to
go to college.","marry, surprise, disappointment, disgust","She thought he was bending down on one knee to ask her to marry him, but to
her disappointment, he was just tying his shoe.","injury, sadness, healing, joy, discipline(d), fear
","Despite her traumatic injury, she was happy to know that she was healing well
only if she continued on her disciplined regimen of medications."
"desert, undesirable, deceased, desolation, weeping","The widower weeps for his deceased wife.","ditty, playhouse, rejoicing, entertainment, daughter","He rejoiced at the sight of his newly born daughter.","seclusion, cringe, bayonet, confessional, agony","I have been secluded in this cell for the past two days
with no food or water, and only the voices in my head for company.","diabolical, disillusionment, blasphemous, sneer, delusion","The people, disillusioned by the recent actions of the
government, have risen up in protest.","pleasant, variable, improvise, frenetic, defy","How pleasant it is to see your delivery package arrive two
days early.","contaminate, perversion, birch, antipathy, sickening","The birch trees have been contaminated by an
unidentified affliction, leaving their bark in a sickening shade of green.","commemorate, undying, unbeaten, mother, heartfelt"," We commemorate this brave and caring mother, whose
act of sacrifice demonstrates her undying love for her children.","rascal, fluctuation, deprivation, mislead, unthinkable"," The fact that the school district would deprive children of
access to lunch is unthinkable.","scream, celebrity, rave, uncertain, affront"," The recent actions of this celebrity musician are nothing
less than an affront to humanity.","outburst, opera, destination, weight, endless","The weight in the voice of the opera singer conveyed the
melange of emotions that Odysseus experiences as he reaches his destination at
long last, marking the conclusion of his seemingly endless voyage at sea."
"Disconnect, Damages, Unsuccessful,","This unsuccessful negotiation not only caused us substantial damages,
but also deepened the disconnect between us.","Felicity, Smiling, Love,","Whenever I see my wife's smiling face, my heart fills with love and felicity","Lion,anxious, Unsafe,","While I was exploring the grasslands, the roar of lions in the distance
made me feel incredibly unsafe and anxious.","Storming,Arguments, Opinionated,","He is very opinionated when it comes to money-related topics, leading to
storming arguments every time.","Reappear, Prank, Unforeseen","Just when we thought the prank was over, he suddenly reappeared out of
nowhere with an unforeseen twist that left us all surprised.","Garbage,Maggot,Squirm,","The sight of maggots squirming in the garbage disgusted me, and I
couldn't stand the repulsive creatures.","Music,Felicity,Negative,","Despite the negative memories the music evokes, I can't help but feel a
sense of felicity as I recall the happy times we shared together.","Homicidal,Stone,Hazardous,","The sight of the homicidal maniac throwing a stone at our car made me
feel both fearful, knowing that the situation was highly hazardous.","Slush,Startling,Garbage,","As I stepped into the slush-filled alley, a startling sight made me sick - a
pile of rotting garbage.","
Sympathetic,Happy,Scare,Hurt","I was happy to see his sympathetic side, but at the same time scared and
hurt by his second personality."
Weeping,The widow can be found weeping near her son’s grave.,Glee,"As the lottery numbers were read out one by one, the man realized that they
were his and he jumped about with glee, grinning from ear to ear.",Abyss,"The stray dog stared into the dark forest, seeing only predatory eyes looking
back at him from the looming abyss.",Brutal,"Edmond vowed that he would enact a brutal and insidious revenge on all of those
that had wronged him.","Abrupt","A loud noise shook the hall as the sorcerers staff abruptly transformed into a
snake","Appalling","At the party, a girl’s face wrinkled up at the appalling sight of her drunk boyfriend
dancing around like a fool.","Abandoned, Exuberance","Following the murder of his father, Genghis was left abandoned by his own tribe,
but a bright vision flashed across his mind of uniting the lands under a singular
control, and thus he rode off with a newfound exuberance.","Cruelty, Explode","The Wizard of Oz possessed and wielded his power with terrifying cruelty, but
when it was found out that he was a mere weak man behind the curtain, the
adventurers' tempers exploded.","Shockingly, Corpse","Shockingly, there was a corpse of a deer on the road right in front of them and its
stench filled the air.","Comatose, Ecstatic, Demented","The people found the body of their friend seemingly in a comatose state, as the
body moved, they became ecstatic with relief, but that relief turned to terror as
their friend had sharp teeth and the look of a demented vampire."
Interrupted,"I was telling my story about bossing my subordinates during the Christmas office party
when I was then interrupted by a sudden blackout. I could no longer tell my anecdote.",treasure,"I was digging some sand on the beach, but I then found
some buried treasure. It looks like someone’s beautiful wedding ring is mine now.",jeopardy,"The town is in jeopardy of an incoming tsunami if we do
not evacuate it. However, the townsfolk accused me of spreading lies and
subsequently perished.",malicious,"“This lawsuit has no basis in fact and is very malicious,”
the defense lawyer argued. “Your client took my client’s money supposedly as an
investment into blockchain technology, but in reality stole it to buy a yacht to
impress his friends on the Internet,” the plaintiff’s lawyer responded.",raid,"The way the FBI raid was a complete shock to the
community, but perhaps the house with funky chemical smells coming out of it
should have served as a warning that something was up.",revolting,"The cake that the kids baked using a recipe from TikTok
looked revolting as the icing oozed from the interior of the cake which was also
sprinkled with bacon.","painful, renovation","It was very painful to retile the bathroom, to install
hardwood floors, and to repaint the rooms taking hours of labor and dealing with
overpriced contractors. At the end, we were pleased that the renovation of the
house was complete.","fire, enforce","The manager had enough. He was going to enforce the
policy against reheating leftovers in the breakroom microwave for the employee.
The employee was then fired for cause preventing him from accessing
unemployment insurance.","coup, horrifying","The then-president was ousted in a coup by his own
generals who used a horrifying show of force for which he felt no choice but to
flee the presidential palace.","quiet, uplift, battlefield","I was a shell creator on the battlefield. Occasionally, a
shell would land nearby but it was otherwise quiet. I could not move or else I
would lose my life. It was then when I heard a whistle and yell. “Ceasefire!” It is
an uplift to my spirit to know that I can walk back to my comrades."
"Fatal, struggle, overwhelmed, worthlessness, isolate, devastating, grief
","He felt worthless and isolated after the devastating loss of his loved ones,
trapped in a cycle of grief.","Gratifying, joy, laughing, happiness, healing, utopian, perfect, achievement, smile","Gratifying success filled me with joy, as I laughed out loud with happiness.
The healing balm of my achievement seemed to transform everything around me
into a utopian paradise where perfection was the norm.
I thought about my accomplishment and it made me smile.","volatility, fear, anxiety, traumatic, nightmare, crushing, misery","As the rollercoaster soared high above, her fear of heights mixed with the
volatility of the ride, making her feel like she was living a traumatic nightmare.
She felt anxious with every drop of the ride.
Her anxiety weighed on her and made her miserable.
When the ride stopped, she finally felt relieved and could breathe easily again.","robbery, fear, horrific, violent, crime, disrespect, stolen, anxious, annoyed,
invaded, violation","The possibility of a home robbery terrifies me, while violent crimes in the news
leave me fearful for my safety in public spaces.
Burglars stealing from my car is a violation of my space and trust, making me
anxious and annoyed.","Rejoicing, magical, earthquake, violently, illuminating, hilarious, terrifying,
experiment, surprise, bewildered","As I was rejoicing in the magical beauty of the night sky, the ground suddenly
shook violently with an earthquake, illuminating the darkness with a flash of light.
Witnessing my science experiment go haywire in such a hilarious yet terrifying
manner left me surprised and bewildered.
But the real magical surprise came with the sudden appearance of a unicorn in
my backyard.","Greed, imprisoned, leeches, oppress, sloppy, waste, insult, homeless, coward","A greedy CEO imprisoned his workers with low wages, while he lived a lavish life
on his yacht like a leech sucking their blood.
The oppressors showed their cowardly disregard for basic human dignity by
leaving the homeless to live in their own waste, a sloppy insult to their humanity.
The homeless fought for their rights and demanded their basic needs be met,
standing up against the cowards who sought to keep them down.","refugee, painful, losing, abandoned, miracle, companion, special, joyous","
The refugees felt a mix of painful loss and joyous amazement as they were
abandoned by their old life, yet found a miracle in the form of a special
companion.","volcano, stranger, fragile, disagreement, complain, worse","The fragile peace between us shattered like a volcano as the stranger's constant
complaints and disagreements made everything worse.","betray, scream, cheer, sour, infect, grumpy, arrogant","The arrogant wizard betrayed his own kind, infecting them with a sour curse, all
while grumpily screaming at anyone who tried to help, and yet, his followers
continued to cheer him on.","gloom, illegal, tree, witty, surrender, dementia","The illegal felling of the old tree brought gloom, but the community found joy in
reminiscing its witty moments, and fear in surrendering to the possibility of
dementia erasing their memories."
Abandon,"As she kept reading, she realized that the tears running
down her cheeks reflected the contents of the letter, and she sat down
heartbroken, abandoned by the one person she thought would be by her side till
the end of time.","Young, zealous","The young and zealous students of the high school
nearby organized a fundraiser to support the development of the park, instilling
hope in the community and filling everyone’s hearts with jubilation and fulfillment.","Abduction, yell","Rachel stood frozen in fear, watching helplessly as the
child yelled for help and fought back, yet was still abducted.","Abhor, yell, frustration","He couldn't help but feel a surge of anger and frustration
as he heard his boss yell yet again, resulting in him abhorring the toxic work
environment.",accident,"While cleaning the attic, I accidentally came across an old
chest filled with treasure.",Abhor,"Jaison abhors the taste of seafood since it makes him
nauseated and sick.","Abandon, young.","Jason and his sibling were abandoned at a very young
age by their parents.","Abduction, yell","While being abducted, James yells out for help.",,,"abduction, abandon, young","After being abandoned on the streets at a very young
age, Seema was abducted last week by a certain group."
death,"Hachiko, an Akita dog, waited for his master to return nine years after his death.","happiness, winner","He realized his ticket was a winner and that he had just won the grand prize. The
look on his face said it all.","accolade","The theoretical physicist received many accolades for his groundbreaking
discovery involving string theory.","Yell, Youth","The old man yelled at the youth to get off his lawn.","Abrupt, Startle","The abrupt sforzando startled the crowd.

","Vomit, Disgust","The thought of having to clean up after the customer who had vomited gave her a
feeling of deep disgust. “I don’t get paid enough for this”, she mumbled to herself.","feeling, emptiness, good","Finishing the book left me with a feeling of emptiness. Only a good book could
make you feel that way.","crime,wrongly,accused, abandoned","Zorba was wrongly accused of a crime he did not commit. The fact that no one
believed him left him feeling abandoned.","rat, uncover","Lifting the lid uncovered a hidden rat's nest. What followed was a wave of
scurrying mice running in all directions.","depressed,negative,birth,disappear,joy","The birth of his child left Joel feeling a mix of different emotions. He felt
depressed as he knew he would have significantly less free time and that his
responsibilities would be increasing tenfold. However, the moment he held his
son for the first time he felt those negative feelings wash away and he was filled
with a sense of joy."
"abduct, abandon, abuse","When I see abducted and abandoned children, I know
that there are many more people in this world who abuse these methods for
money.","accompaniment, achieve, accolade","The number of accompaniment scores he has completed
so far is huge, but he does not crave these achievements and accolades.","Abhorrence, abhorrent","Abhorrence and anger overcame his fear and made him
rebel, even though he was still locked up in the basement of those abhorrent
bandits.","abhorrent, accused, abuse","In court, I accused these government officials of abusing
their power, but these abhorrent lawyers helped these people cover up evidence
of crimes for money.","alert, anomaly","I saw some anomalies prior to this disaster, so the sound
of the alerts that came immediately afterwards did not surprise me very much.","abortion, abominable","When I heard that a woman had been forced to have an
abortion by an abominable man, I instantly became disgusted with the man who
did not take responsibility.","accolade, abducted","Those soldiers rescued the abducted people from the
house, so they gained the accolade of the crowd.","abused, abhorrent","People took those who abused children to court so that
they could give some psychological comfort to the masses who abhorrent those
people.","abominable, anomalies","The abominable companies that are destroying the
environment don't realize that their actions have started to cause some
anomalies on the planet.","abhorrent, abhor, abuse
","He often praises those who abhor animal abuse
because the act is so abhorrent."
Abandon,"She decided to abandon her dog.",Alive,"He was happy to see his dog alive after the earthquake",Afraid,"I am afraid of making a sentence.",Annoying,"That puppy keeps barking, it's annoying",Accidentally,"
She accidentally breaks the cup",Abuse,"It's completely unacceptable that some people abuse their power and use it to
manipulate and exploit others, which is truly disgusting and despicable behavior.","Abandon, Alive","After the earthquake, many people had to abandon their belongings to stay alive.","Afraid, Annoying","I find it annoying when people try to scare others just for fun, it's not funny and it
can make them afraid.","Abuse , Accidentally","It is never acceptable to abuse someone, even if it was done accidentally.
","Ache, adorable, afraid","The little puppy looked so adorable with its big brown eyes, but I was afraid to
pick it up because my back was starting to ache."
"Anguish, abyss, endless","The woman’s cries of anguish grew louder as she
watched her beloved husband fall into the endless abyss.","Beautiful, perfect, sweet, glee","The man thought with glee about his beautiful, sweet
girlfriend on his way home from her apartment, after spending a perfect evening
with her.","Armed, Hostage, Horror, Quivered","The hostages quivered in horror as the armed gunmen
shot one of their friends in the back of the head.","Rabid, beast, killing","Upon seeing hunters in its home, the rabid beast tore
them apart, killing them one by one.","Sudden, outburst, yelped","The man yelped when he entered his apartment and was
greeted with the sudden outburst of “Happy Birthday’s!!!” from his family and
friends.","Horrifying, sick, bloodshed","When news of the horrifying mass shooting got out,
viewers felt sick from the bloodshed and carnage.","Somber, departure, Ecstatic, finally, dreams","Although his departure for London was a somber one,
Daemon was ecstatic to have finally received an invitation to attend the school of
his dreams.","Attack, raging, Flee, panic","The sudden attack of the raging army forced the
unarmed villagers to flee in a disorganized panic","Unexpected, mutiny, Ashamed, horrid, betrayal","The unexpected and brutal mutiny onboard the ship left
the remaining crew feeling ashamed for the horrid betrayal of their captain.","Bloody, loss,Celebrated, rejoice,Suffering, terror","
On the eve of the war’s end, the kingdom’s people
celebrated and rejoiced, after suffering through a bloody decade of loss and
persistent terror."
Abandoned,"As Ash and Pikachu continued their journey through the
region, they passed the abandoned Pokemon center as a haunting reminder of
the day they lost their friends.",Zealous,"When I heard about the news of a new Pokemon game
coming, I was filled with zealous joy - I couldn’t wait to see the new Pokemon.",Wrongly,"As an experienced trainer, I fear that I may have wrongly
chosen the wrong starter Pokemon, as the last evolution is rumored to be ugly.",Abolish,"I was very angry when I heard the bad guys were trying
to abolish the connection between people and their Pokemon.",Accidentally,"When I was walking through the grass, I accidentally
found a shiny Pokemon, my first ever shiny.",Wreched,"When I entered the Pokemon Center, The horrible smell
of rotten eggs filled my nostrils, making me feel very wretched.","Wrongful,Accompaniment","As Ash went through the new region he felt a wrongful
sadness come over him as he left all his old Pokemon behind, but the
accompaniment of Pikachu reminded him that they will always be there for him.","Xenophobia, Yelled","As the group entered the grassy area, they felt a large
amount of xenophobia of the wild Pokemon, who yelled in their ear, making them
feel both angry and scared.","Abrupt,Wreck
","As I walked into the cave, I happened to fall upon a
wreck of dead Pokemon, causing me to leave in an abrupt way.","Wrongly,Zealous,Abduct
","As I played in the forest with my Pokemon, I felt so
many emotions. I was filled with the joy of having my Pokemon with me all the
time, but I felt Sadness that with wouldn’t last forever. At the same time, I couldn't
help but shake the fear that a zealous gang lord would abduct my Pokemon. This
has wrongly been instilled into my mind by the rumors I hear around the city."
"Despair, unrequited, alcoholism
","I had never felt true despair until my first unrequited love, all of my love is unreturned,
drove me to alcoholism by telling me she’s had a boyfriend all this time.","Exhilaration, exuberance, delicious, beach, love","I remember I was filled with exhilaration and exuberance when my first love said yes to
my idea of eating a delicious meal on the beach.","Terrifying, death","The most terrifying thing in life that keeps me up at night is not death but instead the people I
love most realizing there are just so many better and higher quality people out there.","Frustrating, uncontrollable, unfairness, undesirable, inequality, insane","The concept of life itself can be so frustrating due to its uncontrollable unfairness. The
idea that you can be given a set of undesirable traits and looks and it results in you
being treated with great inequality is insane","Shattered, shocked","I was shattered when the girl I had been in love with for three years shocked me by telling me
she’s had a boyfriend for the past year.",disgusted,"After all the hugging and affection my first love used to show me, I felt disgusted when I learned
she was just doing it all to fill a void in her life.","Depressed, betrayed, abandoned, happiness, love, share","Even though I feel depressed, betrayed, and abandoned after my first love had told me she has
had a boyfriend all this time, I still discover great happiness from some of the memories we were
able to share.","Powerlessness, incensed, feel","I’m incensed by the powerlessness I feel I have over how much I can change how I look.","Receive, expected, unexpectedly, disgusted","When the exam I had expected to receive a good score on, unexpectedly came back as a fail, I
felt disgusted with myself.","Afflicted, greatly, loss, youth, glad, happy","Although I am greatly afflicted by the incoming loss of my youth, I am glad that I got to have a
somewhat happy childhood."
"abuse, accident, agony
","“After the car accident, he experienced both physical
agony from his injuries and emotional abuse from the blame and
accusations.”","amour, amusing, award","“Her amusing and witty acceptance speech for the
award melted everyone's hearts as she expressed her deep amour for the
art of storytelling.”","abandonment, abyss, assault","“The victim felt a sense of abandonment as they
stood at the edge of the abyss, contemplating the emotional assault they
had experienced.”","aggressive, anxiety, bark","“The aggressive dog's incessant bark filled the
neighborhood with anxiety.”","frontal, beautified, sane","“The frontal view of the newly beautified building was
a sight to behold, and it gave me a sense of calm that helped me feel more
sane.”","accusation, rifles, mislead","“The accusation of using rifles to mislead the enemy
was vigorously denied by the military spokesperson.”","art, endless, heartfelt","“After days of creating and pouring her heartfelt
emotions into her art, she found herself lost in an endless sea of
creativity.”","witchcraft, wrath, yelp","“In the midst of the witchcraft trial, the accused let
out a yelp of wrath as they proclaimed their innocence.”","treat, weight, winning","“After losing weight, she rewarded herself with a
delicious treat, celebrating her winning achievement.”","destination, feeling, romance","“The couple traveled to a dreamy destination,
captivated by the feeling of romance in the air.”"
Forgotten,"Seth Blaine has passed away at the age of 86, but with
no living friends or family and a relatively uneventful life, Seth has been forgotten
in history forever.",Miracle,"It is a miracle that they could ring the cancer bell to signify
the end of their chemotherapy treatment.",Helplessness,"As the vampire hunters were slowly surrounded by
hundreds of vampires, an eerie feeling of helplessness quickly set in.","Murderer, Revenge","As John saw his father’s murderer, his mind was
overtaken by the sole thought of revenge.","Camouflaged, Shocked, Suddenly","With the leopard completely camouflaged, the antelope
was shocked when the leopard suddenly pounced at it.",Nauseous,"Jane started feeling nauseous when she opened the
fridge and saw cockroaches everywhere.","Deaths, Violent, Rejoiced, Truce","After fighting many long years of a violent war with
millions of deaths, both sides rejoiced as a truce was signed and soldiers
returned to their families.","Killer, Hopelessly, Victims, Yelling","As the serial killer approached me with a machete, I
hopelessly backed up to a table where I suddenly found and picked up a knife,
and as my mind filled with the faces of all of the killer’s victims, I charged at the
killer yelling.","Bewildered, Sickened, Corpses","We were bewildered when we picked up an SOS signal
from a missing ship, but as we got closer, we were sickened to see many corpses
on the decks.","Distraught, Lost, Ecstatic, Trembling, Aggressive","I was totally distraught when I lost my cat, but when my
neighbor told me they saw my cat down the street, I was ecstatic; however as I
approached the cat down the street, I started trembling as I realized that it was
an aggressive stray cat."
"anxiety, anguish, suffering, degrading,
deformity","I feel a deep sense of anxiety and anguish about what the future has in
store for me.
My heart ached to see her suffering from a terminal illness.
It was so degrading of them to bully her over a congenital deformity.","delighted, favorite, friendship, blossom
(blossomed), love, fulfillment, wonderful, twinkle, excitement, birthday","She was so delighted to have her favorite dessert, Tiramisu, on her 25th
birthday.
Their friendship blossomed as they bonded over their love for gardening
which filled them both with a great sense of fulfillment.
You could see his excitement and a twinkle in his eyes as the room filled
with the wonderful aroma of freshly brewed coffee.","disaster, alarming, afraid, concerned,
anxiety, coma, horrifying, accident","She felt afraid after learning about the alarming long term effects of the
Hiroshima and Nagasaki disaster.
He grew more concerned and his anxiety doubled as his best friend
slipped into a coma after a horrifying bike accident.","berserk, blatant, senseless,
uncontrollable, erupt, anger","His blatant ignorance of the current state of the LGBTQ rights made me
go berserk.
Her senseless comments against pregnant women were uncontrollable
and made Anna erupt in anger.","shock, unexpectedly, aghast","She was utterly shocked when she found out that she was unexpectedly
rejected by her dream university.
Her mother was aghast when she saw the state of the house after her son
threw a party the previous night without her permission."," bad, appalling, despise, derogatory","His bad behavior was so appalling, it deserved detention.
Since that day, I truly despised him for his derogatory comments against
the underprivileged.","awful, pain, misery, elated, birth, adoration","Despite going through awful pain and misery during her third trimester,
she was elated after giving birth to her daughter and looked at her with
such adoration.","bankruptcy, fraudulent, fearful","She felt fearful and enraged as she was on the brink of bankruptcy after
being involved with a fraudulent business.","gross, unexpectedly, wart","He was so grossed out but could not look away from the unexpectedly
massive wart on his friend’s belly.","exhilaration, winning, sorrow, anxiety,
fearful","She felt a mix of emotions, feeling exhilaration after winning the race,
sorrow when she reflected on the months of anxiety during her training,
and fearful as she had set new expectations in the eyes of her supporters."
"lone, isolation, inability","The lone wolf laid in isolation, regretting its inability to
protect its pack from dying.","happily, beautiful, jump","The beautiful bridesmaid happily jumped into the bride’s
arms, congratulating her.","ghost, difficult, dangerous","The reported sightings of a ghost made it difficult and
dangerous to walk through the neighborhood at night.","grab, frustrated, kick
","The frustrated soccer player grabbed a ball and kicked it
over the fence.","gasp, pop, magician","When the magician popped open the balloon the woman
was holding, a ring landed on her lap, prompting a loud gasp from her.
","filthy, janitor, puke","The janitor almost puked when he saw the filthy bathroom
he was about to clean.
","gorgeous (joy), graduation (joy), tearful
(sadness)","The gorgeous young woman was tearful at her college
graduation.","crazy (fear, anger), possessed (fear,
anger), demon (fear, anger)","Everyone thought the crazy woman who was laughing
and crying at the same time was possessed by a demon.","frighten (surprise), goblin (disgust), gory
(disgust)","The gory goblin frightened the young boy when he
raced around the corner.","grenade (fear), obliterate (fear, sadness),
smile (joy)
","The war captain smiled when the grenades obliterated
the enemy’s fortress."
abandoned,"The lonely and hungry puppy whined as he sat in the cold, feeling
abandoned by his owner.",youth,"Her heart melted in joy as she watched her young daughter dance and
twirl, reveling in the exuberance of youth.",abandoned,"She trembled in fear as she stumbled upon the eerie, abandoned old
building in the middle of the night, feeling a sense of foreboding and
desolation.",wrongful,"He clenched his fists and teeth, holding back a fight and calming his
anger while hearing about the injustice and wrongful accusation against
his best friend.",yelp,"She let out a yelp in surprise when her friends from home threw a surprise
party for her birthday, catching her off guard.",abnormal,"Realizing the bread had an abnormal texture of the slimy bread and
growing cultures after she took a bite, made her recoil with a mix of
disgust and surprise.","Abandoned, Zeal","At a young age, she was disowned and then abandoned by her loved
ones because she wanted to pursue her passion in art. Despite the
hardships she faced, she continued to follow her dreams of painting with
unwavering zeal.","Wrongful, abandon","Molly had an argument with her parents because they wrongfully accused
her of something she did not do at school. However, in the heated
argument, she quickly calmed herself down worried she would ve
abandoned by her adoptive parents, like other families have done in the
past.","yelp, wretched","Sarah came back from a month-long vacation and yelped the moment
she got home, realizing that she had forgotten to take out the trash prior
to leaving. As she lifted the pile of trash bags, she was irked at the
wretched stench coming from the rotting mess.","wrongdoing, zeal, abandon","Coming from a strict family, Tom’s parents did not support his want to
pursue music. They were worried that he would not be able to make a
living to support himself and threatened to abandon him if they had to.
Regardless, Tom continued to pursue his career in music with zeal,
determined to right the wrongdoing and show his parents that he had
made the right decision."
reject,"Whenever Alexa remembered how the love of her life
rejected her, she would burst into tears uncontrollably.","victory, elated","Ethan was elated to find out about the Kansas City
Chiefs’ victory in the Super Bowl game this year.","conquest, war","Russia’s attempted conquest of Ukraine has caused
many to be terrified of the possibility that a world war will occur the near future.","lying, rage","When George found out that Olivia was lying about her
whereabouts the night before, he flew into a fit of rage.","zeal
","Michael was astonished to see Harper’s zeal in trying to
secure a discount on the handbag.","impurity","Charlie was revolted when he discovered that the gold he
purchased was actually riddled with impurity.","ravenous, heartily, food","While Liam was despondent to see the orphans eat in
such a ravenous manner, he heartily got up to bring more food to them from the
kitchen.","harrowing, terror, gruff","Charlotte’s terror of Noah’s harrowing driving habits on
the freeway is what caused her gruff and irritated mood last Sunday.","
astonishment, drivel","Claire could not hide her astonishment at Amelia’s
insistence in spewing her political drivel, even at the dinner table.
","Hopelessness, pride, excitement, Awful, despair","While Jack could only feel despair and hopelessness for
his own future in this awful job market, he still could not help but feel pride and
excitement for his friend Calvin’s new position at Google."
"Lifeless, isolate, grief","As I stared into the lifeless eyes of the only person I could call my friend, my grief
quickly grew into isolation.","Laugh, excitement","While the horde of zombies began surrounding us, all I could do was laugh as
the excitement was too much for me to handle.","Horrified, thundering, helpless","As the thundering steps from the other side of the door grew louder, I felt
horrified and helpless knowing what was going to happen to me.","Thrash, scorching.","The scorching sound of the neighbors made me thrash my fist against the wall so
I could finally get some peace after what felt like an eternity.","Stagger, overdue, unexpected","I caught myself staggering my words trying to explain my reasons for the
unexpected overdue debts I had discovered.","Wreck, shoddy, neglected","The neglected little girl was kept in such a wreck that everyone began thinking
what shoddy people could do such a thing to someone so young.","Victim, salvation, liberated, suffering","
The victim was such a suffering sight to see that I felt liberated when she was
given salvation.","Yelled, weirdo, thoughtless, immoral","I quickly ran and yelled at the horrid scene of a man receiving an immoral beating
from bullies.","Veracity, violent, terrorism","The veracity of him to even think about doing such a violent act of terrorism was
able to make me leave the room immediately.","Sickness, struggle, volunteer, glee","I immediately volunteered with glee as soon as I saw the struggling dog, with an
obvious sickness, was put up for adoption so he would never have a bad life
again."
"overpriced, pandemic
","Gas became overpriced during the pandemic.","daughter, gift, thankful","The mother was thankful for the gift from her daughter.
","eruption, evacuate, volcano, warned,
siren","The siren warned the residents of the volcano’s eruption
with enough time to evacuate.","agitated, waffle","The lack of whipped cream on the woman’s waffle
agitated her greatly.","stab, rupture, shock","When I was stabbed, my appendix ruptured, sending my
body into shock.","
inappropriate, vulgar","The parents found the vulgar language of the teenagers
inappropriate in a family setting.","retirement, treat","The man’s coworkers treated him to a dinner to
celebrate his retirement after 20 years at the company.","evil, pillage, tyrant",The evil tyrant’s army pillaged the town.,"celebrity, illegitimate, murder","The celebrity is under investigation for the murder of
their illegitimate child.","opera, feeling, endless, romance","Sitting across from his date after the opera performance,
he pondered their time together stricken by the feeling of an endless pursuit of
romance."
"betrayal, helplessness, sickening","The sickening realization finally dawned on Mariano. His closest friend and confidant,
Ethan, was behind the murders all along. “How did I not realize this sooner?” wondered
Mariano. For once, he did not know what to do next. The acute feeling of helplessness was not
something he had experienced before. He finally resolved that he would do whatever it took to
rectify his former ally’s betrayal.","astonishment, embrace, victory","It was finally match point, after a three hour battle of attrition on the center court. My
partner and I shared a look of determination before he bounced the ball back to me. I stood at the
service line and took a deep breath, then went through the motions I had practiced millions of
times before: toss the ball up, bend my legs and wind up my body for the perfect contact, and
release the energy from my legs all the way to my fingertips. And before I knew what happened,
my partner was embracing me. I realized with astonishment that I had served the first ace of the
game. To this day, I have never experienced a sweeter victory.","disintegrate, suffocating, wrecked.","When I walked into the dimly lit abandoned house, a suffocating stench immediately
struck me. I felt chills go down my spine as I shined my flashlight upon a completely wrecked
grand piano. What was once a beautiful marvel of human achievement and creativity was now
nothing more than a disintegrating symbol of despair.","contempt, delusional, insult","“You really think I would trust you again, after what you did to my family? You’re
delusional, Ethan,” Mariano spat out. Ethan, composed as ever, merely taunted, “You insult me,
my loyal friend... you know I was only trying to help save you. At the end of the day, your
family would have been your ruin, and you know it.”
“Enough with the mind games. You and I both know there’s only one way this ends.”
Mariano’s stare of contempt remained fixated on Ethan as he slowly withdrew his saber.","bewilderment, carnage, overestimate","Ethan looked down in bewilderment at the blade that was now inches deep in his chest.
He had never even had to struggle to succeed in defeating an opponent. How was it possible that
his former friend, whom he had defeated in spars with ease since childhood, had finally
triumphed?
“How?” was all Ethan managed to choke out.
“Your weakness was always overestimating yourself, Ethan. You really think I didn’t let
you win all these years?”
As the light left Ethan’s eyes, Mariano walked past him through the carnage that resulted
from their epic battle. “My city will never be the same,” he mused.","aversion, degrading, idiot.","“No way you’re going to drink that,” I said as my friend lifted the entire cup of ranch to
her lips.
“A bet’s a bet,” she replied.
My friend has never had an aversion to doing extreme things, but this was perhaps the
most degrading thing she had agreed to yet.
“You’re an idiot, you know that?” I said in disbelief, as she started drinking the ranch.","agony, passion"," Tonight was the night of my big performance. My passion for the violin has
manifested itself as countless hours of dedication and sometimes even agony, but it’s all worth it
for me.","malignant, assassinate","“Please don’t do it. You’re going to regret it,” I pleaded to the masked man. He merely let
out a malignant chuckle.
“I’m afraid I have no choice. This is my life’s goal. I have no other meaning than to
accomplish the assassination of the president.”
His croon crescendoed into a roar as he started yelling, “YOUR PRESIDENT IS A
PHONY! I WILL BRING TRUE JUSTICE TO OUR PEOPLE!”","compliment, detest","Leon, my ex-husband, pitifully knelt before me. “Please give me one more chance.” He
pulled out a bedazzled turquoise necklace from his pocket. “Remember this? You always looked
so beautiful wearing it.”
My eyes widened in surprise. The necklace was a gift to me on our first date as a couple.
I hadn’t seen it in decades. “Complimenting me won’t work, Leon. I detest the fact that you even
thought this encounter would work. Please, don’t try to find me anymore. It really is over for
good this time.”","wane, familiarity, criminal","I looked across at my brother, Jack, for the first time in years. It was a relief to finally be
sitting across from him again. He let out a wan smile.
“Why did you leave me?” I asked him. His smile crumpled.
“I couldn’t visit you because I was too busy making a name for myself. I had to distance
myself from our toxic household. I really am sorry.”
I didn’t know how to feel. Everything felt so familiar, yet it was clear he was not the
same person. “You can’t ever do that to me again, Jack. It would be criminal for you to leave me
again,” I responded. I waited uneasily as he didn’t respond for what felt like an eternity.
“I can’t make any promises,” he replied."
"blue,emptiness,invalid","Rohit: Whenever I think about the times you used to be mine, feeling of
blue washes over me like a large wave.
Chatgpt: Whenever thoughts of our time together cross my mind, I'm
overcome by a wave of blue that washes over me.
Rohit: The emptiness she left me feeling inside is overwhelming. I long for
her accompaniment and how things used to be.
Chatgpt: The overwhelming sense of emptiness left in her wake weighs
heavily on my heart, and I find myself yearning for her comforting
presence and the way things used to be between us.
Rohit: I am always the happy guy and when I truly open up to other about
how I really feel, my feelings are often looked at as invalid and not
sincere. It only adds to my weight of sadness that I carry around on the
daily inside.
Chatgpt: As someone who's always been seen as the happy-go-lucky
type, opening up to others about my true feelings can be a struggle,
especially when those feelings are met with dismissal or viewed as
invalid. It's an added weight that I carry with me daily, knowing that my
authentic emotions are not fully understood or appreciated.","beach,doll,whimsical","Rohit: The beach has always been a happy place of mine. There is a
private beach in malibu that I love to go to. It is where I can go to escape
reality and ground my emotions. I love to share this secret place with my
close friends the deep conversations I have with these people that mean
so much to me brings me joy.
Chatgpt: The beach has always been my happy place, but there's
something about the private shores of Malibu that holds a special place in
my heart. When I need to escape reality and ground my emotions, it's the
first place I go. Sharing this secret haven with close friends and having
deep conversations with those who mean the world to me brings an
indescribable feeling that I cherish.
Rohit: As a kid there was nothing that brought more joy to my sister than
playing with her dolls. As her older brother there way nothing more funny
to me than when our pet dog Biscuit would steal one of her toys and run
off with it.
Chatgpt: My sister's greatest source of entertainment as a child was
undoubtedly her collection of dolls, and as her older brother, nothing gave
me greater amusement than watching our mischievous pet dog Biscuit
steal one of her toys and dash off with it, much to her chagrin.
Rohit: Personally, there is nothing quite whimsical as cracking a joke in
an inappropriate setting. The satisfaction from making people laugh when
they are stressed makes me feeling like I did my job.
Chatgpt: For me, there's nothing quite as whimsical as cracking an
inappropriate joke in the most unexpected and hilarious of situations.","prevent,military,rattlesnake","Rohit: Getting vaccinated and practicing social distancing is crucial to
prevent the spread of COVID-19 and ease the fear of going outside that
has gripped the country.
Chatgpt: By getting vaccinated and diligently practicing social distancing,
we can effectively prevent the spread of COVID-19, which has kept many
from venturing outside their homes.
Rohit: The military’s presence in the town was felt throughout the village.
People began to wonder why they were setting up station in the town and
what dangers were present.
Chatgpt: The military presence in the area rippled through the community,
as they wondered what imminent danger could be lurking just beyond the
horizon.
Rohit: Although the kids were excited to see the rattlesnake up close
during the animal attraction at the birthday party, a lot of the party goers
did not want to get bit by the venomous snake.
Chatgpt: While some of the children were thrilled to observe the
rattlesnake up close during the animal attraction at the birthday party,
many of the attendees couldn't shake off their the thought of a venomous
snake bite.","hot,spanking,tension","Rohit: The protesting crowd was riled up following the injustices brought
upon their community by the police officers. You could feel the tension in
the air between the protestors and the riot force.
Chatgpt: The tension was palpable in the protesting crowd as they stood
their ground against the riot force, the air heavy with the hot emotions
fueled by the injustices their community had suffered at the hands of the
police officers.
Rohit: As a mischievous kid, I often would push my parents to their limits,
and spankings became a familiar punishment for my wrongdoings.
Chatgpt: As a mischievous kid, I often pushed my parents to the brink of
madness, and spankings became a familiar punishment for my
misbehavior.","abrupt,variable,zany","Rohit: The baseball game was placed on delay abruptly as the sunny
skies quickly gave way to a stormy sky, the fans were taken aback by the
surprising change of weather since the forecast did not account for it.
Chatgpt: The baseball game was unexpectedly disrupted by an abrupt
weather shift, as the bright and sunny skies swiftly turned into a stormy
scene, leaving the fans in utter surprise as it was not forecasted.
Rohit: The outcome of the social experiment was highly variable, it left
the experts questioned with the outcome of the initial trials.
Chatgpt: The experts were taken aback by the remarkably variable results
of the social experiment, which defied their initial expectations.
Rohit: The model' s zany outfit choice for the runway show left everyone
shocked as their eyes locked on her as she moved across the runway.
Chatgpt: The model's zany outfit choice for the runway show was so
unexpected that it left the audience in a state of shock, with all eyes fixed
on her and mouths agape in disbelief.","puke, secrete","Rohit: The smell of puke and from the sick dog throwing up the previous
night secreted out of the apartment and was awful to wake up to.
Chatgpt: The noxious odor emanating from the apartment, a result of the
sick dog vomiting the previous night, was repulsive to wake up to.","wrongdoing, accompaniment","Although she was haunted by her past wrongdoings, she found comfort in
the accompaniment of her closest friends who brought a sense of
understanding.","abandonment, yell","Rohit: As he slammed the door shut behind him, she let our a ear piercing
yell, the echo of her voice made her feel like she was truly abandoned in
the empy house.
Chatgpt: As she heard the final slam of the door, her throat tightened and
she let out a piercing yell, the echoes of abandonment ringing through the
empty house.","dismissal, untidy","I cringed at the sight of the dismissal letter buried under the a pile of
untidy crumpled homework assignments.","unhealthy, food, abuse","Rohit: I often times are reminded of the rule of diminishing returns
whenever I eat icecream, it is unhealthy food and I am oftentimes
overshadowed by guilt.
Chatgpt: Whenever I indulge in ice cream, the rule of diminishing returns
always comes to mind - the fleeting pleasure it brings is quickly overtaken
by a wave of guilt following my 3rd cone, knowing how unhealthy it is for
me."
abandoned,"The young boy sat alone on the curb, watching as families
walked by holding hands and laughing. He didn't understand why his parents had
abandoned him. His heart ached with the knowledge that he was all alone in the
world, with no one to turn to or care for him.",accomplished.,"After numerous interviews and coding challenges, he
finally landed a job as a software engineer at his dream company. He was feeling
accomplished and elated at the start of his new career journey",scarecrow.,"The man's heart raced as he walked towards the
scarecrow in the field. Suddenly, he felt a cold gust of wind blow past him, and as
he looked up, the scarecrow's lifeless eyes appeared to have come alive and
were now staring straight at him. The scene filled him with dread and sent
shivers down his spine.",fury.,"The boy felt the fury rise within him as he watched the
group of bullies taunt and humiliate his little brother. He was determined to put a
stop to their cruel behavior once and for all.",amaze.,"As she walked into the darkened room, she was amazed
to see her friends and family gathered there, all shouting ""Happy Birthday!"" in
unison.",repulsion.,"The taste of the rotten and moldy sandwich filled him with
repulsion, and he quickly spat it out, unable to swallow it.","aching for sadness, basketball for joy.","As he watched his daughter sink the winning basket in
the championship game, he couldn't help but feel aching sadness for his late
wife, who would have been so proud of their daughter's accomplishments on the
basketball court.","apparition for fear, revenge for anger.","The room was silent except for the sound of the
flickering candle on the nightstand. Suddenly, an apparition appeared in front of
the murderer. The ghostly figure was translucent and had a fierce look in its
eyes. The murderer froze in fear as the apparition approached him slowly, its
presence causing an icy chill to run down his spine. It was clear that the
apparition had come to take revenge on its killer. The murderer tried to run, but
the ghostly figure was too fast, and its grip was too strong. The apparition's
vengeance was swift and merciless, and the murderer's fate was sealed.","appalling for disgust, accident for
surprise.","I heard a loud bang and rushed outside to see what had
happened. I was met with a scene so appalling that I couldn't believe my eyes.
There was an accident involving two cars, and the impact was so intense that the
vehicles were barely recognizable. The air was thick with the acrid smell of
burning rubber, and I could see the twisted metal and broken glass scattered all
over the road. The sight made me feel sick to my stomach, and I had to turn
away for a moment to catch my breath.","adultery for sadness, afraid for fear,
adorable for joy.","John was over the moon when he received the news
that he and his wife were expecting their first child. He couldn't wait to start a
family with the woman he loved. But when he came home early from work one
day, he was greeted with a sight that shattered his happiness. There she was, in
their bedroom, committing adultery. Shock and disbelief turned into anger and
heartbreak as he realized what was happening. He quickly turned and ran out of
the room, his heart pounding in his chest. He was afraid of what he might do if he
had stayed any longer."
"Sorrow,Dying,Regret","The sorrowful expression upon the dying man’s face
revealed a deep sense of regret.","Ecstasy,Beauty","An overwhelming feeling of ecstasy washed over her as
she gazed upon the beauty of the night sky.","Trepidation,Glare,Menacing","His heart twitched with trepidation as his opponent stared
him down with a menacing glare.","Furious,Scream,Combat",He let out a furious scream as he leapt into combat.,"Jolt,Staggered","The blow sent a jolt through his body and he staggered
backward in a haze.","Flesh,Aberration,Rotting","The aberration lurched forth, dripping bits of rotting flesh
from its body.","Beautiful,Melancholy","He felt the tight grip of melancholy as he reflected on the
beautiful memories of his daughter.","Furious,Force,Menacing,Foe","His menacing blade descends upon his foe with the
force of a furious thunderbolt.","Waste,Rotting,Toxic,Staggered,Sliped,Suddenly","As the drunkard staggered home, he suddenly slipped
on a banana peel and into a rotting pile of waste. The toxic smell inundated his
olfactory senses.","Confident,Optimism,Shattered,Ominous","Their confident optimism was quickly shattered by
ominous news from Cannae."
"weight, denied","Jack was bullied at school because of his weight. She
was denied the promotion even though she had shown a great performance in
her work.","victory, inspired","His victory in the competition made his parents proud.
She was very inspired after her trip to Hawaii.","volcano, fever","The eruption of the volcano made the people flee their
homes. The parents were worried when their child had a fever.","fighting, mob","They started fighting when he forgot about their
anniversary. The mob started throwing things when the governor said they would
have to increase the taxes.","shriek, treachery","He shrieked when he saw a spider in his salad. She was
surprised when she found out about her friend’s treachery.","pollution, accusation","When I went surfing there was a lot of pollution in the
ocean, so I felt sick. He was disgusted by the accusations of his professor that he
cheated on the exam.","unfortunate, hopeful","Tom has been buying lottery tickets every week, but
unfortunately he has not won any yet. He does not give and is very hopeful that
one day he will get a lucky ticket.","bully, grab","Jake tried to avoid bullies but they would always grab
him and throw him into the dumpster, which made him very angry.","
unexpectedly, toilet",His toilet unexpectedly started to overflow.,"graduation; birthday, injure, scar","Graduation made me think about the people I had met
and the lessons I had learned, but I was happy about the new chapter in my life,
even though there were many more struggles ahead.
During a joyous celebration of his birthday Tom fell off a trampoline and injured
himself, which left a big scar on his leg for the rest of his life."
"abandoned, regret, wrongful, disabled, disappointed","Two years ago, my friend abandoned her dog in the park and she still
regrets her wrongful action.
I got so disappointed that Bank of America had disabled my credit
account due to an unpaid balance.","blessed, pleasant, accomplished, journey, young","As a young person, I always wonder where my life journey would take
me, but I hope I gain pleasant experiences along the way.
I feel blessed and accomplished that I am almost done with my Bachelors
degree in Computer Science.","lonely ,avoid, fire, mysterious, homicide, criminal, homeless, harm ","On a lonely mysterious night, I was walking home when suddenly a
homeless man began to follow me after I avoided him, fearing that he
would do something to harm me.
Today on Fox News, they reported that a mysterious fire started at an
elementary school, however, the police are saying that it could have been
started by a homicidal criminal trying to harm innocent children.","jealous, thief, punishment, stolen , disrespectful, disagree, ruined","I found it absolutely disrespectful that my little sister ruined my favorite
shirt out of jealousy.
The Supreme Court judges disagreed on the thief's punishment after
they had stolen a priceless artifact.","lucky, award, birthday, exciting","Today is my birthday and something exciting happened at school, I was
so shocked and lucky to win a big award from one of the raffles I
participated.","dirty, sick, toilet, germ, bacteria ","I told my little brother to not eat dirty food from the floor because it is
covered with germs and bacteria and he could get sick, but he didn’t
listen to me, and now he’s been in the toilet all day and vomiting nonstop.","disqualify, betray , humiliate, hire, progress, blessed,excellent","I felt betrayed that my favorite company disqualified me after the interview
process, that made me feel so humiliated having to apply to other companies,
however I am grateful to get hired in a prestigious company and I’m blessed to
be making excellent progress.","broken, hurtful, mad, shame,rage","After the hurtful words we exchanged, you were mad with rage that I feared you
would burst in anger and I was left feeling shame and internally broken.","lawsuit, distress,disaster, Surprising, abusing","It is absolutely surprising that Amber Heard accused Johnny Depp of
physically abusing her, which created a disaster of a lawsuit causing
Johnny Depp a great deal of distress.","unbearable, lose, absence, inseparable, hope, childhood, risk, happy, unwell,
friend","After news of you being unwell, putting you down was the only way to end your
pain, but I didn't want to risk losing my childhood friend.
In my memories, you and I were inseparable that the thought of your absence
became unbearable, but I only hope that you were happy until the very end, even
in heaven."
pensive,"He sat alone by the window, lost in a pensive mood as he reminisced
about the past.",Exquisite,"The elegant party was filled with exquisite decorations and delightful
laughter, lifting everyone’s spirit.",failing,"The student’s hands shook nervously as she started at the failing grade
on her exam, fearing the consequences.",Insignificant,"She couldn’t help but feel anger bubbling up inside her as she was
constantly treated as an insignificant member of the team.","deluge","The sudden deluge of rain caught everyone off-guard, leaving them
soaking wet and astonished.",Anaconda,"The sight of the massive anaconda slithering through the murky water
filled her with an overwhelming sense of disgust.","Desecration, connoisseur","The artist felt a strange mix of sadness and joy as she restored the
desecrated painting, knowing the was reviving the masterpiece for future
connoisseurs to appreciate.","Confession, standoff","His fear of losing her friendship mixed with anger as they found
themselves in a tense standoff, waiting for the other to make the first
confession.","
Quote, enemy","She was taken aback with surprise and disgust when her favorite author’s
new book included a quote that seemed to praise a notorious enemy of
peace.
",Pensive lamb whirlpool,"As the shepherd watches the young lamb escape the whirlpool, he felt a
mix of sadness, joy, and fear, pensive about the risks his beloved animals
faced in the unpredictable wilderness."
"Unlucky, traumatic, slaughtering, captive, prisoner, resign, isolation","Tim was unlucky. He had a traumatic experience witnessing the
slaughtering of captive prisoners. His horrific experience made him resign
from the military and put himself into isolation.","Achieve, award, art, prestige,","John achieved his lifelong goal of getting the most prestigious award for
one of his art pieces.","Anomaly, fear, catastrophe, casualty, violent, shrapnel, scream, destroy,
victim","For the first time, Ryan felt fear. There was an anomaly that destroyed the
city in front of him. He saw a great catastrophe unfold before him. He
heard screams of people being violently hit by the shrapnel of the
anomaly. Ryan himself also screamed in fear of being a victim of it.","Shout, prisoner, stab, wound,","Herlock shouted at the prisoner, “32 stab wounds! You didn’t leave him a
chance of staying alive, huh?!”","Sneeze, sudden, startled,",The sudden sneeze from Henry startled his cats and they ran away.,"Dastardly, filthy, foul, garbage, unbearable, trash","That dastardly man went into the house and came out with filthy and foul
garbage. I think I saw some fungus growing out of that unbearable trash
can.","Closure, commemorate","We commemorated the closure of our store by leaving a time capsule
buried somewhere inside.","Abandonment, abhorrent, abomination","The abandonment of those children are abhorrent to all of us. What kind
of abomination does such a thing?","Attacking, betray","I saw the faces of those who were attacking us. I can’t believe that they
betrayed us.","Honest, feeling, endless, destination","We were about to reach our final destination. To be honest, I wish that our
journey could be endless. I have a feeling that we may not see each other"
"Resignation, resigned, anguish","After his wife left him, he lost his job, and his dog passed, he was resigned to a life of eternal
anguish.","Music, delightful, friend","The music that was playing in the cafe was as delightful as a sunny, afternoon picnic with close
friends.","Thirteenth, cemetery, anxiety","Friday the thirteenth always elicited anxiety in her whenever she had to work past the cemetery
after work at night.","Hoax, hurtful","Hearing the various hoaxes that his friend was spewing at him at the bar was honestly one of
the most hurtful things he had ever experienced.","Divorce, flinch, sudden","The sudden divorce papers from her husband didn’t even cause her to flinch, since she had
been expecting it for the past year.","Boy, rat, discontent","The boy was so interested in rats, that he brought one of the home, much to his mother’s
discontent.","Sonnet, mother, lovely","The sonnet the man made about his mother who had recently passed was so lovely that it had
made it onto the newspaper.","Hopelessness, dismissal
","The hopelessness that he felt from his dismissal from Google made him feel as if he had
nothing left to lose in life.","Scream, trickery",The scream the girls let out from the boy’s trickery could be heard from two blocks away.,"Outburst, sympathetic, honest","The outburst from the woman made all of the immediate onlookers sympathetic to her plight,
due to her raw, honest emotions."
"collapse","The news caused my world to collapse, leaving me feeling lost and hopeless.",Elated,"The moment I laid my eyes on the acceptance letter from my dream school, an
overwhelming feeling of elation and achievement washed over me.",Abortion,"When the thought of needing an abortion crossed Jesse’s mind, she was
consumed by immense fright!",denounce,"
Filled with rage, her father stood up and denounced her actions, making it clear
that he would never see her again.",Alarm,"Her boyfriend’s abrupt breakup without any explanation
left her feeling alarmed and confused.",corpse,"Jason felt disgusted and recoiled at the sight of the decaying corpse, his stomach
churning with nausea.","Melancholic, beautiful","We felt melancholic as we watched the beautiful sunset
over the ocean, reflecting on the beauty of the moment and the fleeting nature of
life.","scream, scream","Walking down the dark alley, he noticed a shadowy
figure behind him and screamed before impulsively lunging toward it.","Punch, Instinctive","The first time I drank alcohol, the punch of its taste was
so nasty that my instinctive reaction was to spit it out instantly.","Calamity, Joy, Abduction","Link’s quest to save Hyrule from calamity Gannon and
rescue Princess Zelda from abduction was filled with heart-wrenching sadness
and triumphant joy as he battled against the forces of evil to restore peace to the
land."
"Horror, distraught","He was distraught by the horrors he saw during his time in the war.
","Pleased, Medal","Pleased with her performance, Maggie was able to win the tournament and finally
wear the first place medal she longed for.","Tumor, Hopelessness","He felt an overwhelming sense of hopelessness when the doctor said his tumor
was not shrinking.","Offended, Restrain","Offended by his actions, Kyle had to restrain himself from slapping Logan in the
face.","Wizard, vanished","The wizard vanished before the child’s very eyes. He disappeared without a
trace.","Vomit, infect, pungent","Jayden thought he was going to vomit after seeing the man's infected foot. There
was a pungent smell that would not leave his nose.","Thrill,Worried,","Though Sandra was thrilled to be finally graduating after 4 years, she could not
help but be worried about entering the job market.","Whimper,violently,","The man whimpered after violently getting attacked by the mountain lion.
Pleading for help, he knew his life was in danger.","Unexpectedly,smell,","Mark spent hours trying to find the root of the smell. He discovered that a rat had
unexpectedly died in his attic.","wound,ejoicing,Weary,","Though he was rejoicing that the stab wound looked like it was healing nicely, he
was weary that there was an unknown infection."
"grief, hollow","Grief, I’ve learned, is really just love. It’s all the love you want to give, but cannot.
All that unspent love gathers up in the corners of your eyes, the lump in your
throat, and in that hollow part of your chest. Grief is just love with no place to go.","accomplishment, pride, cheer","The pride of their accomplishment welled up within their hearts as the crowd
cheered on.","Abandoned, Panic, Slam, Shriek, Asylum","The asylum was supposed to be abandoned. And yet, as I heard the door to the
morgue slam shut behind me, panic set in.",hit,"Everyday I wake up and I hope you're dead! I hope you get an illness and then
get hit by a car and die!","Shout, suddenly, Trip","As I whipped my head towards the sound of the shout, my foot suddenly caught
on a root; I tripped and tumbled down the hill.","Evil, Sin","Was it not your sin that trapped the unicorn? Even now the evil seed of what
you've done germinates within you.","Hope, Pain","Her heart brimmed so fully with hopes and dreams it’s a wonder there was room
for the pain.","Terror, Rage, Threaten, throb","I stifled my cries and clamped my hand over my mouth. My heart raced as terror
threatened to consume me. My temples throbbed and my fists clenched. I knew
he needed to pay.","Expect, Shock, Rot","The anticipation of sweetness made the putrid and vile stench of rot even more
shocking.","Loss, Worry, Love",I worry that someday I’ll forget the love I’ve lost.
"abandoned, wretched, wrongdoing","She abandoned me last night after saying some wretched things to me at the
party.","abundance, accolade, youth, zealous","I was grateful to have met him, his youthful attitude helped me reinvigorate my
own zest for life.","abandoned, abhor, xenophobia, yelp","I didn't think much of others' comments of her until she responded abhorrently to
my friendly question, leading me to believe that she unconsciously held some xenophobic
beliefs.","abandonment, abhor, abolish, wrongful, yell","I started yelling the most abhorrent things that I could possibly think of, furious
that they would make so many wrongful assumptions on my behalf.","abduction, accident, abrupt, yelp",She yelped when she accidentally ran into someone without paying attention.,"aberration, abhor, wretched, wrongdoing","I abhor him, so much that staring at his wretched face makes me feel sick."," youth, zeal
 abandon, abduction, abortion","The abandonment she had went through made her realize that she needed to
find her own youth and zest again."," abandon, abandoned, abandonment
 yell, yelp, youth","He started yelling aggressively to fight what he perceived to be his impending
abandonment."," abandonment, abduction, aberration
 yelp, young, zany, zeal",I yelped when I was suddenly abducted in the middle of the street.," abandonment, wrongly, xenophobia, yell
 absolution, accolade, accompaniment
 wretched, wrinkled, wrongly, abandoned","She yelled urgently before I was able to leave, hoping to fin absolution from her
wrongdoings."
wrongful,"Richard lowered his head in disbelief as he was
wrongfully accused of robbing the bank.",youth,"The father looked at his son’s youthful enjoyment as he
won the basketball game with his teammates.",swerve,"Due to the pouring rain and icy roads, Chris slammed the
brakes of his car in response to the truck in front of him swerving across the
freeway.",unfair,"Stephen waived his arms in disbelief as the referees
continued to impose unfair treatment during the game.",magical,"Paul was taken aback from the fireworks at Disneyland,
as it was his first time seeing the magical show at the amusement park.",grotesque,"Michael opened the fridge to an unwelcoming, grotesque
smell of expired food.","music, heartfelt","George flashed a heartfelt smiled as he listened to his
favorite music for the final time before going deaf.","combative, intense","Jason was combative to the rest of his teammates, for
he didn’t want to experience intense betrayal or loss ever again.","mutiny, treason","The pirate captain lowered his sword and forgoed his
command in response to the rest of the crew’s treasonous mutiny.","weight, endless, destination","As Ray waved goodbye to his daughter Ashley going off
to college, a weight was removed from his shoulders as he knew there were
endless possibilities at this new destination, and Ashley was ready to experience
it all."
"somber, sterile, whimper, weep","The somber sycophant whimpers and weeps in their
sterile house, unable to break their bonds to flattery.","passionate, orgasm, sex, love, magical","Loving, passionate sex always ends with a magical
orgasm.","ghastly, honest, intelligence","The giant, ancient entity that stood before her showed a
chilling, ghastly intelligence of all the things that it shouldn’t.","Erupt, hellish, fury",I erupt with hellish fury!,"Sorcery, mystic",The odd mystic then revealed to them all – it was sorcery!,"Cannibal, carcass, orc","The cannibal feasted on the carcass and rather
resembled an orc.","art, music",It’s reclaiming – to build art and music from your pain.,Cancer,"She screamed and swore at her cancer, for it was
inescapable.",,,,